BEGIN TRANSACTION;
INSERT INTO Polygons (PolyID, description, created) VALUES (1, "First Test", 1327674050);
INSERT INTO Points (PointID, x, y) VALUES (101, -4.0, -4.0);
INSERT INTO Points (PointID, x, y) VALUES (102, 10.0, -2.0);
INSERT INTO Points (PointID, x, y) VALUES (103, 8.0, 4.0);
INSERT INTO Points (PointID, x, y) VALUES (104, -2.0, 0.0);
INSERT INTO Vertices (PolyID, VID, PointID) VALUES (1, 1, 101);
INSERT INTO Vertices (PolyID, VID, PointID) VALUES (1, 2, 102);
INSERT INTO Vertices (PolyID, VID, PointID) VALUES (1, 3, 103);
INSERT INTO Vertices (PolyID, VID, PointID) VALUES (1, 4, 104);
INSERT INTO Edges (PolyID, EID, VID_SRC, VID_DST) VALUES (1, 1, 1, 2);
INSERT INTO Edges (PolyID, EID, VID_SRC, VID_DST) VALUES (1, 2, 2, 3);
INSERT INTO Edges (PolyID, EID, VID_SRC, VID_DST) VALUES (1, 3, 3, 4);
INSERT INTO Edges (PolyID, EID, VID_SRC, VID_DST) VALUES (1, 4, 4, 1);
COMMIT;

BEGIN TRANSACTION;
INSERT INTO Polygons (PolyID, description, created) VALUES (2, "SplitEvent Test", 1327674050);
INSERT INTO Points (PointID, x, y) VALUES (201, -5.0, -2.0);
INSERT INTO Points (PointID, x, y) VALUES (202, -1.0, -2.0);
INSERT INTO Points (PointID, x, y) VALUES (203, 0.0, 1.0);
INSERT INTO Points (PointID, x, y) VALUES (204, 1.0, -2.0);
INSERT INTO Points (PointID, x, y) VALUES (205, 6.0, -2.0);
INSERT INTO Points (PointID, x, y) VALUES (206, 6.0, 6.0);
INSERT INTO Points (PointID, x, y) VALUES (207, -5.0, 6.0);
INSERT INTO Vertices (PolyID, VID, PointID) VALUES (2, 1, 201);
INSERT INTO Vertices (PolyID, VID, PointID) VALUES (2, 2, 202);
INSERT INTO Vertices (PolyID, VID, PointID) VALUES (2, 3, 203);
INSERT INTO Vertices (PolyID, VID, PointID) VALUES (2, 4, 204);
INSERT INTO Vertices (PolyID, VID, PointID) VALUES (2, 5, 205);
INSERT INTO Vertices (PolyID, VID, PointID) VALUES (2, 6, 206);
INSERT INTO Vertices (PolyID, VID, PointID) VALUES (2, 7, 207);
INSERT INTO Edges (PolyID, EID, VID_SRC, VID_DST) VALUES (2, 1, 1, 2);
INSERT INTO Edges (PolyID, EID, VID_SRC, VID_DST) VALUES (2, 2, 2, 3);
INSERT INTO Edges (PolyID, EID, VID_SRC, VID_DST) VALUES (2, 3, 3, 4);
INSERT INTO Edges (PolyID, EID, VID_SRC, VID_DST) VALUES (2, 4, 4, 5);
INSERT INTO Edges (PolyID, EID, VID_SRC, VID_DST) VALUES (2, 5, 5, 6);
INSERT INTO Edges (PolyID, EID, VID_SRC, VID_DST) VALUES (2, 6, 6, 7);
INSERT INTO Edges (PolyID, EID, VID_SRC, VID_DST) VALUES (2, 7, 7, 1);
COMMIT;

BEGIN TRANSACTION;
INSERT INTO Polygons (PolyID, description, created) VALUES (3, "Paper", 1327674050);
INSERT INTO Points (PointID, x, y) VALUES (301, -8.0, -6.0);
INSERT INTO Points (PointID, x, y) VALUES (302, 8.0, -3.0);
INSERT INTO Points (PointID, x, y) VALUES (303, 4.0, -1.0);
INSERT INTO Points (PointID, x, y) VALUES (304, 8.0, 1.0);
INSERT INTO Points (PointID, x, y) VALUES (305, 8.0, 6.0);
INSERT INTO Points (PointID, x, y) VALUES (306, -4.0, 6.0);
INSERT INTO Points (PointID, x, y) VALUES (307, -5.0, 3.0);
INSERT INTO Points (PointID, x, y) VALUES (308, -6.0, 6.0);
INSERT INTO Points (PointID, x, y) VALUES (309, -8.0, 6.0);
INSERT INTO Vertices (PolyID, VID, PointID) VALUES (3, 1, 301);
INSERT INTO Vertices (PolyID, VID, PointID) VALUES (3, 2, 302);
INSERT INTO Vertices (PolyID, VID, PointID) VALUES (3, 3, 303);
INSERT INTO Vertices (PolyID, VID, PointID) VALUES (3, 4, 304);
INSERT INTO Vertices (PolyID, VID, PointID) VALUES (3, 5, 305);
INSERT INTO Vertices (PolyID, VID, PointID) VALUES (3, 6, 306);
INSERT INTO Vertices (PolyID, VID, PointID) VALUES (3, 7, 307);
INSERT INTO Vertices (PolyID, VID, PointID) VALUES (3, 8, 308);
INSERT INTO Vertices (PolyID, VID, PointID) VALUES (3, 9, 309);
INSERT INTO Edges (PolyID, EID, VID_SRC, VID_DST) VALUES (3, 1, 1, 2);
INSERT INTO Edges (PolyID, EID, VID_SRC, VID_DST) VALUES (3, 2, 2, 3);
INSERT INTO Edges (PolyID, EID, VID_SRC, VID_DST) VALUES (3, 3, 3, 4);
INSERT INTO Edges (PolyID, EID, VID_SRC, VID_DST) VALUES (3, 4, 4, 5);
INSERT INTO Edges (PolyID, EID, VID_SRC, VID_DST) VALUES (3, 5, 5, 6);
INSERT INTO Edges (PolyID, EID, VID_SRC, VID_DST) VALUES (3, 6, 6, 7);
INSERT INTO Edges (PolyID, EID, VID_SRC, VID_DST) VALUES (3, 7, 7, 8);
INSERT INTO Edges (PolyID, EID, VID_SRC, VID_DST) VALUES (3, 8, 8, 9);
INSERT INTO Edges (PolyID, EID, VID_SRC, VID_DST) VALUES (3, 9, 9, 1);
COMMIT;

BEGIN TRANSACTION;
INSERT INTO Polygons (PolyID, description, created) VALUES (4, "Hole Test", 1327674050);
INSERT INTO Points (PointID, x, y) VALUES (401, -8.0, -2.0);
INSERT INTO Points (PointID, x, y) VALUES (402, -6.0, -6.0);
INSERT INTO Points (PointID, x, y) VALUES (403, 6.0, -6.0);
INSERT INTO Points (PointID, x, y) VALUES (404, 8.0, 6.0);
INSERT INTO Points (PointID, x, y) VALUES (405, -6.0, 4.0);
INSERT INTO Points (PointID, x, y) VALUES (406, 0.0, -3.0);
INSERT INTO Points (PointID, x, y) VALUES (407, -3.0, 0.0);
INSERT INTO Points (PointID, x, y) VALUES (408, 0.0, 3.0);
INSERT INTO Points (PointID, x, y) VALUES (409, 3.0, 0.0);
INSERT INTO Vertices (PolyID, VID, PointID) VALUES (4, 1, 401);
INSERT INTO Vertices (PolyID, VID, PointID) VALUES (4, 2, 402);
INSERT INTO Vertices (PolyID, VID, PointID) VALUES (4, 3, 403);
INSERT INTO Vertices (PolyID, VID, PointID) VALUES (4, 4, 404);
INSERT INTO Vertices (PolyID, VID, PointID) VALUES (4, 5, 405);
INSERT INTO Vertices (PolyID, VID, PointID) VALUES (4, 6, 406);
INSERT INTO Vertices (PolyID, VID, PointID) VALUES (4, 7, 407);
INSERT INTO Vertices (PolyID, VID, PointID) VALUES (4, 8, 408);
INSERT INTO Vertices (PolyID, VID, PointID) VALUES (4, 9, 409);
INSERT INTO Edges (PolyID, EID, VID_SRC, VID_DST) VALUES (4, 1, 1, 2);
INSERT INTO Edges (PolyID, EID, VID_SRC, VID_DST) VALUES (4, 2, 2, 3);
INSERT INTO Edges (PolyID, EID, VID_SRC, VID_DST) VALUES (4, 3, 3, 4);
INSERT INTO Edges (PolyID, EID, VID_SRC, VID_DST) VALUES (4, 4, 4, 5);
INSERT INTO Edges (PolyID, EID, VID_SRC, VID_DST) VALUES (4, 5, 5, 1);
INSERT INTO Edges (PolyID, EID, VID_SRC, VID_DST) VALUES (4, 6, 6, 7);
INSERT INTO Edges (PolyID, EID, VID_SRC, VID_DST) VALUES (4, 7, 7, 8);
INSERT INTO Edges (PolyID, EID, VID_SRC, VID_DST) VALUES (4, 8, 8, 9);
INSERT INTO Edges (PolyID, EID, VID_SRC, VID_DST) VALUES (4, 9, 9, 6);
COMMIT;

BEGIN TRANSACTION;
INSERT INTO Polygons (PolyID, description, created) VALUES (5, "StickingEvent Test", 1327674050);
INSERT INTO Points (PointID, x, y) VALUES (501, 0.0, -2.0);
INSERT INTO Points (PointID, x, y) VALUES (502, 3.0, -5.0);
INSERT INTO Points (PointID, x, y) VALUES (503, 1.0, 9.0);
INSERT INTO Points (PointID, x, y) VALUES (504, -1.0, 9.0);
INSERT INTO Points (PointID, x, y) VALUES (505, -3.0, -3.0);
INSERT INTO Vertices (PolyID, VID, PointID) VALUES (5, 1, 501);
INSERT INTO Vertices (PolyID, VID, PointID) VALUES (5, 2, 502);
INSERT INTO Vertices (PolyID, VID, PointID) VALUES (5, 3, 503);
INSERT INTO Vertices (PolyID, VID, PointID) VALUES (5, 4, 504);
INSERT INTO Vertices (PolyID, VID, PointID) VALUES (5, 5, 505);
INSERT INTO Edges (PolyID, EID, VID_SRC, VID_DST) VALUES (5, 1, 1, 2);
INSERT INTO Edges (PolyID, EID, VID_SRC, VID_DST) VALUES (5, 2, 2, 3);
INSERT INTO Edges (PolyID, EID, VID_SRC, VID_DST) VALUES (5, 3, 3, 4);
INSERT INTO Edges (PolyID, EID, VID_SRC, VID_DST) VALUES (5, 4, 4, 5);
INSERT INTO Edges (PolyID, EID, VID_SRC, VID_DST) VALUES (5, 5, 5, 1);
COMMIT;

BEGIN TRANSACTION;
INSERT INTO Polygons (PolyID, description, created) VALUES (6, "2 Split Events", 1327674050);
INSERT INTO Points (PointID, x, y) VALUES (601, -5.0, -9.0);
INSERT INTO Points (PointID, x, y) VALUES (602, 5.0, -9.0);
INSERT INTO Points (PointID, x, y) VALUES (603, 2.0, -4.0);
INSERT INTO Points (PointID, x, y) VALUES (604, 9.0, -5.0);
INSERT INTO Points (PointID, x, y) VALUES (605, 9.0, 9.0);
INSERT INTO Points (PointID, x, y) VALUES (606, -9.0, 9.0);
INSERT INTO Points (PointID, x, y) VALUES (607, -9.0, -5.0);
INSERT INTO Points (PointID, x, y) VALUES (608, -3.0, -5.0);
INSERT INTO Vertices (PolyID, VID, PointID) VALUES (6, 1, 601);
INSERT INTO Vertices (PolyID, VID, PointID) VALUES (6, 2, 602);
INSERT INTO Vertices (PolyID, VID, PointID) VALUES (6, 3, 603);
INSERT INTO Vertices (PolyID, VID, PointID) VALUES (6, 4, 604);
INSERT INTO Vertices (PolyID, VID, PointID) VALUES (6, 5, 605);
INSERT INTO Vertices (PolyID, VID, PointID) VALUES (6, 6, 606);
INSERT INTO Vertices (PolyID, VID, PointID) VALUES (6, 7, 607);
INSERT INTO Vertices (PolyID, VID, PointID) VALUES (6, 8, 608);
INSERT INTO Edges (PolyID, EID, VID_SRC, VID_DST) VALUES (6, 1, 1, 2);
INSERT INTO Edges (PolyID, EID, VID_SRC, VID_DST) VALUES (6, 2, 2, 3);
INSERT INTO Edges (PolyID, EID, VID_SRC, VID_DST) VALUES (6, 3, 3, 4);
INSERT INTO Edges (PolyID, EID, VID_SRC, VID_DST) VALUES (6, 4, 4, 5);
INSERT INTO Edges (PolyID, EID, VID_SRC, VID_DST) VALUES (6, 5, 5, 6);
INSERT INTO Edges (PolyID, EID, VID_SRC, VID_DST) VALUES (6, 6, 6, 7);
INSERT INTO Edges (PolyID, EID, VID_SRC, VID_DST) VALUES (6, 7, 7, 8);
INSERT INTO Edges (PolyID, EID, VID_SRC, VID_DST) VALUES (6, 8, 8, 1);
COMMIT;

BEGIN TRANSACTION;
INSERT INTO Polygons (PolyID, description, created) VALUES (7, "Degeneration", 1327674050);
INSERT INTO Points (PointID, x, y) VALUES (701, -5.0, -5.0);
INSERT INTO Points (PointID, x, y) VALUES (702, 5.0, -5.0);
INSERT INTO Points (PointID, x, y) VALUES (703, 5.0, 5.0);
INSERT INTO Points (PointID, x, y) VALUES (704, -5.0, 5.0);
INSERT INTO Points (PointID, x, y) VALUES (705, 0.0, -2.0);
INSERT INTO Points (PointID, x, y) VALUES (706, -2.0, 0.0);
INSERT INTO Points (PointID, x, y) VALUES (707, 0.0, 2.0);
INSERT INTO Points (PointID, x, y) VALUES (708, 2.0, 0.0);
INSERT INTO Vertices (PolyID, VID, PointID) VALUES (7, 1, 701);
INSERT INTO Vertices (PolyID, VID, PointID) VALUES (7, 2, 702);
INSERT INTO Vertices (PolyID, VID, PointID) VALUES (7, 3, 703);
INSERT INTO Vertices (PolyID, VID, PointID) VALUES (7, 4, 704);
INSERT INTO Vertices (PolyID, VID, PointID) VALUES (7, 5, 705);
INSERT INTO Vertices (PolyID, VID, PointID) VALUES (7, 6, 706);
INSERT INTO Vertices (PolyID, VID, PointID) VALUES (7, 7, 707);
INSERT INTO Vertices (PolyID, VID, PointID) VALUES (7, 8, 708);
INSERT INTO Edges (PolyID, EID, VID_SRC, VID_DST) VALUES (7, 1, 1, 2);
INSERT INTO Edges (PolyID, EID, VID_SRC, VID_DST) VALUES (7, 2, 2, 3);
INSERT INTO Edges (PolyID, EID, VID_SRC, VID_DST) VALUES (7, 3, 3, 4);
INSERT INTO Edges (PolyID, EID, VID_SRC, VID_DST) VALUES (7, 4, 4, 1);
INSERT INTO Edges (PolyID, EID, VID_SRC, VID_DST) VALUES (7, 5, 5, 6);
INSERT INTO Edges (PolyID, EID, VID_SRC, VID_DST) VALUES (7, 6, 6, 7);
INSERT INTO Edges (PolyID, EID, VID_SRC, VID_DST) VALUES (7, 7, 7, 8);
INSERT INTO Edges (PolyID, EID, VID_SRC, VID_DST) VALUES (7, 8, 8, 5);
COMMIT;

BEGIN TRANSACTION;
INSERT INTO Polygons (PolyID, description, created) VALUES (8, "ambiguous bisector graphs", 1327674050);
INSERT INTO Points (PointID, x, y) VALUES (801, 0.0, 0.0);
INSERT INTO Points (PointID, x, y) VALUES (802, 4.5, 0.0);
INSERT INTO Points (PointID, x, y) VALUES (803, 3.0, 1.9);
INSERT INTO Points (PointID, x, y) VALUES (804, 2.5, 2.0);
INSERT INTO Points (PointID, x, y) VALUES (805, 2.0, 4.0);
INSERT INTO Points (PointID, x, y) VALUES (806, 1.5, 2.5);
INSERT INTO Points (PointID, x, y) VALUES (807, 1.0, 5.0);
INSERT INTO Vertices (PolyID, VID, PointID) VALUES (8, 1, 801);
INSERT INTO Vertices (PolyID, VID, PointID) VALUES (8, 2, 802);
INSERT INTO Vertices (PolyID, VID, PointID) VALUES (8, 3, 803);
INSERT INTO Vertices (PolyID, VID, PointID) VALUES (8, 4, 804);
INSERT INTO Vertices (PolyID, VID, PointID) VALUES (8, 5, 805);
INSERT INTO Vertices (PolyID, VID, PointID) VALUES (8, 6, 806);
INSERT INTO Vertices (PolyID, VID, PointID) VALUES (8, 7, 807);
INSERT INTO Edges (PolyID, EID, VID_SRC, VID_DST) VALUES (8, 1, 1, 2);
INSERT INTO Edges (PolyID, EID, VID_SRC, VID_DST) VALUES (8, 2, 2, 3);
INSERT INTO Edges (PolyID, EID, VID_SRC, VID_DST) VALUES (8, 3, 3, 4);
INSERT INTO Edges (PolyID, EID, VID_SRC, VID_DST) VALUES (8, 4, 4, 5);
INSERT INTO Edges (PolyID, EID, VID_SRC, VID_DST) VALUES (8, 5, 5, 6);
INSERT INTO Edges (PolyID, EID, VID_SRC, VID_DST) VALUES (8, 6, 6, 7);
INSERT INTO Edges (PolyID, EID, VID_SRC, VID_DST) VALUES (8, 7, 7, 1);
COMMIT;

BEGIN TRANSACTION;
INSERT INTO Polygons (PolyID, description, created) VALUES (9, "sorting", 1327674050);
INSERT INTO Points (PointID, x, y) VALUES (901, -10.0, 5.0);
INSERT INTO Points (PointID, x, y) VALUES (902, -10.0, -2.5);
INSERT INTO Points (PointID, x, y) VALUES (903, 10.0, -2.5);
INSERT INTO Points (PointID, x, y) VALUES (904, 10.0, 5.0);
INSERT INTO Points (PointID, x, y) VALUES (905, -5.0, 3.0);
INSERT INTO Points (PointID, x, y) VALUES (906, -4.0, 0.0);
INSERT INTO Points (PointID, x, y) VALUES (907, -6.0, 0.0);
INSERT INTO Points (PointID, x, y) VALUES (908, -1.0, 3.0);
INSERT INTO Points (PointID, x, y) VALUES (909, 0.0, 0.0);
INSERT INTO Points (PointID, x, y) VALUES (910, -2.0, 0.0);
INSERT INTO Points (PointID, x, y) VALUES (911, 5.0, 3.0);
INSERT INTO Points (PointID, x, y) VALUES (912, 6.0, 0.0);
INSERT INTO Points (PointID, x, y) VALUES (913, 4.0, 0.0);
INSERT INTO Vertices (PolyID, VID, PointID) VALUES (9, 1, 901);
INSERT INTO Vertices (PolyID, VID, PointID) VALUES (9, 2, 902);
INSERT INTO Vertices (PolyID, VID, PointID) VALUES (9, 3, 903);
INSERT INTO Vertices (PolyID, VID, PointID) VALUES (9, 4, 904);
INSERT INTO Vertices (PolyID, VID, PointID) VALUES (9, 5, 905);
INSERT INTO Vertices (PolyID, VID, PointID) VALUES (9, 6, 906);
INSERT INTO Vertices (PolyID, VID, PointID) VALUES (9, 7, 907);
INSERT INTO Vertices (PolyID, VID, PointID) VALUES (9, 8, 908);
INSERT INTO Vertices (PolyID, VID, PointID) VALUES (9, 9, 909);
INSERT INTO Vertices (PolyID, VID, PointID) VALUES (9, 10, 910);
INSERT INTO Vertices (PolyID, VID, PointID) VALUES (9, 11, 911);
INSERT INTO Vertices (PolyID, VID, PointID) VALUES (9, 12, 912);
INSERT INTO Vertices (PolyID, VID, PointID) VALUES (9, 13, 913);
INSERT INTO Edges (PolyID, EID, VID_SRC, VID_DST) VALUES (9, 1, 1, 2);
INSERT INTO Edges (PolyID, EID, VID_SRC, VID_DST) VALUES (9, 2, 2, 3);
INSERT INTO Edges (PolyID, EID, VID_SRC, VID_DST) VALUES (9, 3, 3, 4);
INSERT INTO Edges (PolyID, EID, VID_SRC, VID_DST) VALUES (9, 4, 4, 1);
INSERT INTO Edges (PolyID, EID, VID_SRC, VID_DST) VALUES (9, 5, 5, 6);
INSERT INTO Edges (PolyID, EID, VID_SRC, VID_DST) VALUES (9, 6, 6, 7);
INSERT INTO Edges (PolyID, EID, VID_SRC, VID_DST) VALUES (9, 7, 7, 5);
INSERT INTO Edges (PolyID, EID, VID_SRC, VID_DST) VALUES (9, 8, 8, 9);
INSERT INTO Edges (PolyID, EID, VID_SRC, VID_DST) VALUES (9, 9, 9, 10);
INSERT INTO Edges (PolyID, EID, VID_SRC, VID_DST) VALUES (9, 10, 10, 8);
INSERT INTO Edges (PolyID, EID, VID_SRC, VID_DST) VALUES (9, 11, 11, 12);
INSERT INTO Edges (PolyID, EID, VID_SRC, VID_DST) VALUES (9, 12, 12, 13);
INSERT INTO Edges (PolyID, EID, VID_SRC, VID_DST) VALUES (9, 13, 13, 11);
COMMIT;

BEGIN TRANSACTION;
INSERT INTO Polygons (PolyID, description, created) VALUES (10, "weighted, not monotone", 1327674050);
INSERT INTO Points (PointID, x, y) VALUES (1001, -10.0, -3.0);
INSERT INTO Points (PointID, x, y) VALUES (1002, 6.0, -3.0);
INSERT INTO Points (PointID, x, y) VALUES (1003, 6.0, 8.0);
INSERT INTO Points (PointID, x, y) VALUES (1004, -10.0, 8.0);
INSERT INTO Points (PointID, x, y) VALUES (1005, -10.0, 3.0);
INSERT INTO Points (PointID, x, y) VALUES (1006, -7.0, 0.0);
INSERT INTO Vertices (PolyID, VID, PointID) VALUES (10, 1, 1001);
INSERT INTO Vertices (PolyID, VID, PointID) VALUES (10, 2, 1002);
INSERT INTO Vertices (PolyID, VID, PointID) VALUES (10, 3, 1003);
INSERT INTO Vertices (PolyID, VID, PointID) VALUES (10, 4, 1004);
INSERT INTO Vertices (PolyID, VID, PointID) VALUES (10, 5, 1005);
INSERT INTO Vertices (PolyID, VID, PointID) VALUES (10, 6, 1006);
INSERT INTO Edges (PolyID, EID, VID_SRC, VID_DST) VALUES (10, 1, 1, 2);
INSERT INTO Edges (PolyID, EID, VID_SRC, VID_DST) VALUES (10, 2, 2, 3);
INSERT INTO Edges (PolyID, EID, VID_SRC, VID_DST) VALUES (10, 3, 3, 4);
INSERT INTO Edges (PolyID, EID, VID_SRC, VID_DST) VALUES (10, 4, 4, 5);
INSERT INTO Edges (PolyID, EID, VID_SRC, VID_DST) VALUES (10, 5, 5, 6);
INSERT INTO Edges (PolyID, EID, VID_SRC, VID_DST) VALUES (10, 6, 6, 1);
INSERT INTO SkelEdgeData (PolyID, EID, speed) VALUES (10, 1, 3.0);
COMMIT;

BEGIN TRANSACTION;
INSERT INTO Polygons (PolyID, description, created) VALUES (11, "weighted ambiguous 1", 1327674050);
INSERT INTO Points (PointID, x, y) VALUES (1101, -9.0, -0.5);
INSERT INTO Points (PointID, x, y) VALUES (1102, -1.0, 0.0);
INSERT INTO Points (PointID, x, y) VALUES (1103, 0.0, -2.0);
INSERT INTO Points (PointID, x, y) VALUES (1104, 9.0, -2.0);
INSERT INTO Points (PointID, x, y) VALUES (1105, 9.0, 6.0);
INSERT INTO Points (PointID, x, y) VALUES (1106, -9.0, 6.0);
INSERT INTO Vertices (PolyID, VID, PointID) VALUES (11, 1, 1101);
INSERT INTO Vertices (PolyID, VID, PointID) VALUES (11, 2, 1102);
INSERT INTO Vertices (PolyID, VID, PointID) VALUES (11, 3, 1103);
INSERT INTO Vertices (PolyID, VID, PointID) VALUES (11, 4, 1104);
INSERT INTO Vertices (PolyID, VID, PointID) VALUES (11, 5, 1105);
INSERT INTO Vertices (PolyID, VID, PointID) VALUES (11, 6, 1106);
INSERT INTO Edges (PolyID, EID, VID_SRC, VID_DST) VALUES (11, 1, 1, 2);
INSERT INTO Edges (PolyID, EID, VID_SRC, VID_DST) VALUES (11, 2, 2, 3);
INSERT INTO Edges (PolyID, EID, VID_SRC, VID_DST) VALUES (11, 3, 3, 4);
INSERT INTO Edges (PolyID, EID, VID_SRC, VID_DST) VALUES (11, 4, 4, 5);
INSERT INTO Edges (PolyID, EID, VID_SRC, VID_DST) VALUES (11, 5, 5, 6);
INSERT INTO Edges (PolyID, EID, VID_SRC, VID_DST) VALUES (11, 6, 6, 1);
INSERT INTO SkelEdgeData (PolyID, EID, speed) VALUES (11, 3, 2.0);
COMMIT;

BEGIN TRANSACTION;
INSERT INTO Polygons (PolyID, description, created) VALUES (12, "weighted ambiguous 2", 1327674050);
INSERT INTO Points (PointID, x, y) VALUES (1201, -9.0, 0.5);
INSERT INTO Points (PointID, x, y) VALUES (1202, -1.0, 0.0);
INSERT INTO Points (PointID, x, y) VALUES (1203, 0.0, -2.0);
INSERT INTO Points (PointID, x, y) VALUES (1204, 9.0, -2.0);
INSERT INTO Points (PointID, x, y) VALUES (1205, 9.0, 6.0);
INSERT INTO Points (PointID, x, y) VALUES (1206, -9.0, 6.0);
INSERT INTO Vertices (PolyID, VID, PointID) VALUES (12, 1, 1201);
INSERT INTO Vertices (PolyID, VID, PointID) VALUES (12, 2, 1202);
INSERT INTO Vertices (PolyID, VID, PointID) VALUES (12, 3, 1203);
INSERT INTO Vertices (PolyID, VID, PointID) VALUES (12, 4, 1204);
INSERT INTO Vertices (PolyID, VID, PointID) VALUES (12, 5, 1205);
INSERT INTO Vertices (PolyID, VID, PointID) VALUES (12, 6, 1206);
INSERT INTO Edges (PolyID, EID, VID_SRC, VID_DST) VALUES (12, 1, 1, 2);
INSERT INTO Edges (PolyID, EID, VID_SRC, VID_DST) VALUES (12, 2, 2, 3);
INSERT INTO Edges (PolyID, EID, VID_SRC, VID_DST) VALUES (12, 3, 3, 4);
INSERT INTO Edges (PolyID, EID, VID_SRC, VID_DST) VALUES (12, 4, 4, 5);
INSERT INTO Edges (PolyID, EID, VID_SRC, VID_DST) VALUES (12, 5, 5, 6);
INSERT INTO Edges (PolyID, EID, VID_SRC, VID_DST) VALUES (12, 6, 6, 1);
INSERT INTO SkelEdgeData (PolyID, EID, speed) VALUES (12, 3, 2.0);
COMMIT;

BEGIN TRANSACTION;
INSERT INTO Polygons (PolyID, description, created) VALUES (13, "lower envelope does not work with weighted edges", 1327674050);
INSERT INTO Points (PointID, x, y) VALUES (1301, -5.0, -5.0);
INSERT INTO Points (PointID, x, y) VALUES (1302, -3.0, -5.0);
INSERT INTO Points (PointID, x, y) VALUES (1303, -2.0, 2.0);
INSERT INTO Points (PointID, x, y) VALUES (1304, -1.0, -5.0);
INSERT INTO Points (PointID, x, y) VALUES (1305, 5.0, -5.0);
INSERT INTO Points (PointID, x, y) VALUES (1306, 5.0, 4.0);
INSERT INTO Points (PointID, x, y) VALUES (1307, -5.0, 4.0);
INSERT INTO Vertices (PolyID, VID, PointID) VALUES (13, 1, 1301);
INSERT INTO Vertices (PolyID, VID, PointID) VALUES (13, 2, 1302);
INSERT INTO Vertices (PolyID, VID, PointID) VALUES (13, 3, 1303);
INSERT INTO Vertices (PolyID, VID, PointID) VALUES (13, 4, 1304);
INSERT INTO Vertices (PolyID, VID, PointID) VALUES (13, 5, 1305);
INSERT INTO Vertices (PolyID, VID, PointID) VALUES (13, 6, 1306);
INSERT INTO Vertices (PolyID, VID, PointID) VALUES (13, 7, 1307);
INSERT INTO Edges (PolyID, EID, VID_SRC, VID_DST) VALUES (13, 1, 1, 2);
INSERT INTO Edges (PolyID, EID, VID_SRC, VID_DST) VALUES (13, 2, 2, 3);
INSERT INTO Edges (PolyID, EID, VID_SRC, VID_DST) VALUES (13, 3, 3, 4);
INSERT INTO Edges (PolyID, EID, VID_SRC, VID_DST) VALUES (13, 4, 4, 5);
INSERT INTO Edges (PolyID, EID, VID_SRC, VID_DST) VALUES (13, 5, 5, 6);
INSERT INTO Edges (PolyID, EID, VID_SRC, VID_DST) VALUES (13, 6, 6, 7);
INSERT INTO Edges (PolyID, EID, VID_SRC, VID_DST) VALUES (13, 7, 7, 1);
INSERT INTO SkelEdgeData (PolyID, EID, speed) VALUES (13, 7, 3.0);
COMMIT;

BEGIN TRANSACTION;
INSERT INTO Polygons (PolyID, description, created) VALUES (14, "motorcycles", 1327674050);
INSERT INTO Points (PointID, x, y) VALUES (1401, -4.0, -1.0);
INSERT INTO Points (PointID, x, y) VALUES (1402, -1.0, -1.0);
INSERT INTO Points (PointID, x, y) VALUES (1403, 0.0, -3.0);
INSERT INTO Points (PointID, x, y) VALUES (1404, 3.0, -3.0);
INSERT INTO Points (PointID, x, y) VALUES (1405, 2.0, 0.0);
INSERT INTO Points (PointID, x, y) VALUES (1406, 4.0, 0.0);
INSERT INTO Points (PointID, x, y) VALUES (1407, 4.0, 4.0);
INSERT INTO Points (PointID, x, y) VALUES (1408, -4.0, 4.0);
INSERT INTO Vertices (PolyID, VID, PointID) VALUES (14, 1, 1401);
INSERT INTO Vertices (PolyID, VID, PointID) VALUES (14, 2, 1402);
INSERT INTO Vertices (PolyID, VID, PointID) VALUES (14, 3, 1403);
INSERT INTO Vertices (PolyID, VID, PointID) VALUES (14, 4, 1404);
INSERT INTO Vertices (PolyID, VID, PointID) VALUES (14, 5, 1405);
INSERT INTO Vertices (PolyID, VID, PointID) VALUES (14, 6, 1406);
INSERT INTO Vertices (PolyID, VID, PointID) VALUES (14, 7, 1407);
INSERT INTO Vertices (PolyID, VID, PointID) VALUES (14, 8, 1408);
INSERT INTO Edges (PolyID, EID, VID_SRC, VID_DST) VALUES (14, 1, 1, 2);
INSERT INTO Edges (PolyID, EID, VID_SRC, VID_DST) VALUES (14, 2, 2, 3);
INSERT INTO Edges (PolyID, EID, VID_SRC, VID_DST) VALUES (14, 3, 3, 4);
INSERT INTO Edges (PolyID, EID, VID_SRC, VID_DST) VALUES (14, 4, 4, 5);
INSERT INTO Edges (PolyID, EID, VID_SRC, VID_DST) VALUES (14, 5, 5, 6);
INSERT INTO Edges (PolyID, EID, VID_SRC, VID_DST) VALUES (14, 6, 6, 7);
INSERT INTO Edges (PolyID, EID, VID_SRC, VID_DST) VALUES (14, 7, 7, 8);
INSERT INTO Edges (PolyID, EID, VID_SRC, VID_DST) VALUES (14, 8, 8, 1);
COMMIT;

BEGIN TRANSACTION;
INSERT INTO Polygons (PolyID, description, created) VALUES (15, "divide and conquer", 1432289227);
INSERT INTO Points (PointID, x, y) VALUES (1501, -1.0, -4.0);
INSERT INTO Points (PointID, x, y) VALUES (1502, 0.5, -2.5);
INSERT INTO Points (PointID, x, y) VALUES (1503, 2.0, -4.0);
INSERT INTO Points (PointID, x, y) VALUES (1504, 4.5, -4.0);
INSERT INTO Points (PointID, x, y) VALUES (1505, 4.5, -0.5);
INSERT INTO Points (PointID, x, y) VALUES (1506, 3.0, 0.0);
INSERT INTO Points (PointID, x, y) VALUES (1507, 4.5, 0.5);
INSERT INTO Points (PointID, x, y) VALUES (1508, 4.5, 3.0);
INSERT INTO Points (PointID, x, y) VALUES (1509, -4.5, 3.0);
INSERT INTO Vertices (PolyID, VID, PointID) VALUES (15, 1, 1501);
INSERT INTO Vertices (PolyID, VID, PointID) VALUES (15, 2, 1502);
INSERT INTO Vertices (PolyID, VID, PointID) VALUES (15, 3, 1503);
INSERT INTO Vertices (PolyID, VID, PointID) VALUES (15, 4, 1504);
INSERT INTO Vertices (PolyID, VID, PointID) VALUES (15, 5, 1505);
INSERT INTO Vertices (PolyID, VID, PointID) VALUES (15, 6, 1506);
INSERT INTO Vertices (PolyID, VID, PointID) VALUES (15, 7, 1507);
INSERT INTO Vertices (PolyID, VID, PointID) VALUES (15, 8, 1508);
INSERT INTO Vertices (PolyID, VID, PointID) VALUES (15, 9, 1509);
INSERT INTO Edges (PolyID, EID, VID_SRC, VID_DST) VALUES (15, 1, 1, 2);
INSERT INTO Edges (PolyID, EID, VID_SRC, VID_DST) VALUES (15, 2, 2, 3);
INSERT INTO Edges (PolyID, EID, VID_SRC, VID_DST) VALUES (15, 3, 3, 4);
INSERT INTO Edges (PolyID, EID, VID_SRC, VID_DST) VALUES (15, 4, 4, 5);
INSERT INTO Edges (PolyID, EID, VID_SRC, VID_DST) VALUES (15, 5, 5, 6);
INSERT INTO Edges (PolyID, EID, VID_SRC, VID_DST) VALUES (15, 6, 6, 7);
INSERT INTO Edges (PolyID, EID, VID_SRC, VID_DST) VALUES (15, 7, 7, 8);
INSERT INTO Edges (PolyID, EID, VID_SRC, VID_DST) VALUES (15, 8, 8, 9);
INSERT INTO Edges (PolyID, EID, VID_SRC, VID_DST) VALUES (15, 9, 9, 1);
COMMIT;

BEGIN TRANSACTION;
INSERT INTO Polygons (PolyID, description, created) VALUES (16, "example", 1327674050);
INSERT INTO Points (PointID, x, y) VALUES (1601, 0.0, 0.0);
INSERT INTO Points (PointID, x, y) VALUES (1602, 0.0, -2.0);
INSERT INTO Points (PointID, x, y) VALUES (1603, 2.0, -2.0);
INSERT INTO Points (PointID, x, y) VALUES (1604, 2.0, 1.0);
INSERT INTO Points (PointID, x, y) VALUES (1605, 4.0, 1.0);
INSERT INTO Points (PointID, x, y) VALUES (1606, 4.0, 3.0);
INSERT INTO Points (PointID, x, y) VALUES (1607, -2.0, 3.0);
INSERT INTO Points (PointID, x, y) VALUES (1608, -2.0, 0.0);
INSERT INTO Vertices (PolyID, VID, PointID) VALUES (16, 1, 1601);
INSERT INTO Vertices (PolyID, VID, PointID) VALUES (16, 2, 1602);
INSERT INTO Vertices (PolyID, VID, PointID) VALUES (16, 3, 1603);
INSERT INTO Vertices (PolyID, VID, PointID) VALUES (16, 4, 1604);
INSERT INTO Vertices (PolyID, VID, PointID) VALUES (16, 5, 1605);
INSERT INTO Vertices (PolyID, VID, PointID) VALUES (16, 6, 1606);
INSERT INTO Vertices (PolyID, VID, PointID) VALUES (16, 7, 1607);
INSERT INTO Vertices (PolyID, VID, PointID) VALUES (16, 8, 1608);
INSERT INTO Edges (PolyID, EID, VID_SRC, VID_DST) VALUES (16, 1, 1, 2);
INSERT INTO Edges (PolyID, EID, VID_SRC, VID_DST) VALUES (16, 2, 2, 3);
INSERT INTO Edges (PolyID, EID, VID_SRC, VID_DST) VALUES (16, 3, 3, 4);
INSERT INTO Edges (PolyID, EID, VID_SRC, VID_DST) VALUES (16, 4, 4, 5);
INSERT INTO Edges (PolyID, EID, VID_SRC, VID_DST) VALUES (16, 5, 5, 6);
INSERT INTO Edges (PolyID, EID, VID_SRC, VID_DST) VALUES (16, 6, 6, 7);
INSERT INTO Edges (PolyID, EID, VID_SRC, VID_DST) VALUES (16, 7, 7, 8);
INSERT INTO Edges (PolyID, EID, VID_SRC, VID_DST) VALUES (16, 8, 8, 1);
COMMIT;
